fecha,tipo,nombre
2024-01-01,inamovible,Año nuevo
2024-02-12,inamovible,Carnaval
2024-02-13,inamovible,Carnaval
2024-03-24,inamovible,Día Nacional de la Memoria por la Verdad y la Justicia
2024-03-29,inamovible,Viernes Santo
2024-04-01,puente,Feriado puente turístico
2024-04-02,inamovible,Día del Veterano y de los Caídos en la Guerra de Malvinas
2024-05-01,inamovible,Día del Trabajador
2024-05-25,inamovible,Día de la Revolución de Mayo
2024-06-17,trasladable,Paso a la Inmortalidad del General Martín Güemes
2024-06-20,inamovible,Paso a la Inmortalidad del General Manuel Belgrano
2024-06-21,puente,Feriado puente turístico
2024-07-09,inamovible,Día de la Independencia
2024-08-17,trasladable,Paso a la Inmortalidad del Gral. José de San Martín
2024-10-11,puente,Feriado puente turístico
2024-10-12,trasladable,Día del Respeto a la Diversidad Cultural
2024-11-18,trasladable,Día de la Soberanía Nacional
2024-12-08,inamovible,Día de la Inmaculada Concepción de María
2024-12-25,inamovible,Navidad
2025-01-01,inamovible,Año nuevo
2025-03-03,inamovible,Carnaval
2025-03-04,inamovible,Carnaval
2025-03-24,inamovible,Día Nacional de la Memoria por la Verdad y la Justicia
2025-04-02,inamovible,Día del Veterano y de los Caídos en la Guerra de Malvinas
2025-04-18,inamovible,Viernes Santo
2025-05-01,inamovible,Día del Trabajador
2025-05-02,puente,Puente turístico no laborable
2025-05-25,inamovible,Día de la Revolución de Mayo
2025-06-16,trasladable,Paso a la Inmortalidad del General Martín Güemes
2025-06-20,inamovible,Paso a la Inmortalidad del General Manuel Belgrano
2025-07-09,inamovible,Día de la Independencia
2025-08-15,puente,Puente turístico no laborable
2025-08-17,trasladable,Paso a la Inmortalidad del Gral. José de San Martín
2025-10-10,puente,Puente turístico no laborable
2025-10-12,trasladable,Día del Respeto a la Diversidad Cultural
2025-11-21,puente,Puente turístico no laborable
2025-11-24,trasladable,Día de la Soberanía Nacional
2025-12-08,inamovible,Día de la Inmaculada Concepción de María
2025-12-25,inamovible,Navidad
2026-01-01,inamovible,Año nuevo
2026-02-16,inamovible,Carnaval
2026-02-17,inamovible,Carnaval
2026-03-23,puente,Puente turístico no laborable
2026-03-24,inamovible,Día Nacional de la Memoria por la Verdad y la Justicia
2026-04-02,inamovible,Día del Veterano y de los Caídos en la Guerra de Malvinas
2026-04-03,inamovible,Viernes Santo
2026-05-01,inamovible,Día del Trabajador
2026-05-25,inamovible,Día de la Revolución de Mayo
2026-06-15,trasladable,Paso a la Inmortalidad del General Martín Güemes (17/6)
2026-06-20,inamovible,Paso a la Inmortalidad del General Manuel Belgrano
2026-07-09,inamovible,Día de la Independencia
2026-07-10,puente,Puente turístico no laborable
2026-08-17,trasladable,Paso a la Inmortalidad del Gral. José de San Martín
2026-10-12,trasladable,Día del Respeto a la Diversidad Cultural
2026-11-23,trasladable,Día de la Soberanía Nacional (20/11)
2026-12-07,puente,Puente turístico no laborable
2026-12-08,inamovible,Día de la Inmaculada Concepción de María
2026-12-25,inamovible,Navidad
